{
    "data": [
        {
            "testid": 1,
            "status": "success",
            "score": 4,
            "maximum marks": 4,
            "message": "Script Executed Successfully. sort.txt is correct. extract.txt is correct. display.txt is correct. submission.tar.gz extracted successfully. "
        },
        {
            "testid": 2,
            "status": "success",
            "score": 4,
            "maximum marks": 4,
            "message": "Script Executed Successfully. sort.txt is correct. extract.txt is correct. display.txt is correct. submission.tar.gz extracted successfully. "
        },
        {
            "testid": 3,
            "status": "success",
            "score": 4,
            "maximum marks": 4,
            "message": "Script Executed Successfully. sort.txt is correct. extract.txt is correct. display.txt is correct. submission.tar.gz extracted successfully. "
        }
    ]
}