{
    "data": [
        {
            "testid": "Files",
            "status": "success",
            "score": 0,
            "maximum marks": 0,
            "message": "All files are present!"
        },
        {
            "testid": "Title",
            "status": "failed",
            "score": 0,
            "maximum marks": 0.25,
            "message": "Error: Page title is wrong or not set."
        },
        {
            "testid": "Heading",
            "status": "failed",
            "score": 0,
            "maximum marks": 0.25,
            "message": "Error: No <h1> tag found."
        },
        {
            "testid": "Q1 <div>",
            "status": "failed",
            "score": 0,
            "maximum marks": 1,
            "message": "Error: There should be a <p> tag in <div> id 'Q1'. Error: There should be a <input> tag of type 'text' and class 'Rating' in <div> id 'Q1'. "
        },
        {
            "testid": "Q2 <div>",
            "status": "failed",
            "score": 0,
            "maximum marks": 1,
            "message": "Error: There should be a <p> tag in <div> id 'Q2'. Error: There should be a <input> tag of type 'text' and class 'Rating' in <div> id 'Q2'. "
        },
        {
            "testid": "Inline CSS",
            "status": "failed",
            "score": 0,
            "maximum marks": 0.5,
            "message": "There should be a <h1> tag element to apply inline CSS on. "
        },
        {
            "testid": "Internal CSS",
            "status": "failed",
            "score": 0,
            "maximum marks": 1,
            "message": "Error: You need to use correct tag for Internal CSS. "
        },
        {
            "testid": "External CSS",
            "status": "failed",
            "score": 0,
            "maximum marks": 1,
            "message": "External CSS is incorrect."
        },
        {
            "testid": "Testcase 1",
            "status": "success",
            "score": 1,
            "maximum marks": 1,
            "message": "Testcase passed."
        },
        {
            "testid": "Testcase 2",
            "status": "success",
            "score": 1,
            "maximum marks": 1,
            "message": "Testcase passed."
        },
        {
            "testid": "Testcase 3",
            "status": "success",
            "score": 1,
            "maximum marks": 1,
            "message": "Testcase passed."
        },
        {
            "testid": "Testcase 4",
            "status": "failed",
            "score": 0,
            "maximum marks": 1,
            "message": "Alert came. But alert message isn't as expected."
        },
        {
            "testid": "Testcase 5",
            "status": "success",
            "score": 1,
            "maximum marks": 1,
            "message": "Testcase passed."
        }
    ]
}