{
    "data": [
        {
            "testid": "1",
            "status": "failure",
            "score": 0,
            "maximum marks": 1,
            "message": ""
        },
        {
            "testid": "2",
            "status": "failure",
            "score": 0,
            "maximum marks": 1,
            "message": ""
        },
        {
            "testid": "3",
            "status": "failure",
            "score": 0,
            "maximum marks": 1,
            "message": ""
        },
        {
            "testid": "4",
            "status": "failure",
            "score": 0,
            "maximum marks": 1,
            "message": ""
        },
        {
            "testid": "5",
            "status": "failure",
            "score": 0,
            "maximum marks": 1,
            "message": ""
        },
        {
            "testid": "6",
            "status": "failure",
            "score": 0,
            "maximum marks": 1,
            "message": ""
        },
        {
            "testid": "7",
            "status": "failure",
            "score": 0,
            "maximum marks": 1,
            "message": ""
        },
        {
            "testid": "8",
            "status": "failure",
            "score": 0,
            "maximum marks": 1,
            "message": ""
        },
        {
            "testid": "9",
            "status": "failure",
            "score": 0,
            "maximum marks": 1,
            "message": ""
        },
        {
            "testid": "10",
            "status": "failure",
            "score": 0,
            "maximum marks": 1,
            "message": ""
        }
    ]
}